mes,selic,incc_mm,ipca_mm,taxa_fin
1994-07,131.0300,3.5800,6.8400,
1994-08,56.4600,0.1400,1.8600,
1994-09,57.0600,0.3800,1.5300,
1994-10,60.3000,1.3200,2.6200,
1994-11,65.3600,2.3600,2.8100,
1994-12,53.2500,1.3200,1.7100,
1995-01,46.2500,3.5000,1.7000,
1995-02,56.5400,2.0900,1.0200,
1995-03,57.9800,3.3000,1.5500,
1995-04,85.4700,2.3000,2.4300,
1995-05,61.0500,8.7700,2.6700,
1995-06,60.8400,3.1200,2.2600,
1995-07,60.5300,1.0900,2.3600,
1995-08,51.1100,0.6200,0.9900,
1995-09,51.0000,0.7200,0.9900,
1995-10,44.1100,0.8600,1.4100,
1995-11,42.9300,0.7300,1.4700,
1995-12,41.2200,0.8600,1.5600,
1996-01,33.8300,1.5200,1.3400,
1996-02,36.1100,0.1100,1.0300,
1996-03,30.1600,0.9800,0.3500,
1996-04,29.4200,0.2500,1.2600,
1996-05,25.6400,2.1600,1.2200,
1996-06,29.6500,1.5400,1.1900,
1996-07,23.2800,0.7500,1.1100,
1996-08,25.0100,0.2300,0.4400,
1996-09,25.4000,0.2200,0.1500,
1996-10,23.4800,0.2600,0.3000,
1996-11,25.2700,0.5800,0.3200,
1996-12,23.9400,0.5900,0.4700,
1997-01,21.7300,0.3200,1.1800,
1997-02,26.1400,0.4800,0.5000,
1997-03,24.1100,0.7300,0.5100,
1997-04,21.8400,0.2300,0.8800,
1997-05,21.9100,0.8600,0.4100,
1997-06,21.0800,1.1100,0.5400,
1997-07,19.0400,0.5100,0.2200,
1997-08,20.7800,1.1800,-0.0200,
1997-09,19.8100,0.2700,0.0600,
1997-10,19.9300,0.1500,0.2300,
1997-11,45.9000,0.5400,0.1700,
1997-12,39.8700,0.2300,0.4300,
1998-01,37.1900,0.3300,0.7100,
1998-02,34.3200,0.4800,0.4600,
1998-03,28.3200,0.4700,0.3400,
1998-04,25.1600,-0.5000,0.2400,
1998-05,22.6000,0.9800,0.5000,
1998-06,21.0200,0.3900,0.0200,
1998-07,20.3300,0.3400,-0.1200,
1998-08,19.2300,0.2200,-0.5100,
1998-09,34.2900,0.0100,-0.2200,
1998-10,41.6000,0.0100,0.0200,
1998-11,38.7300,-0.0500,-0.1200,
1998-12,31.2400,0.0500,0.3300,
1999-01,31.1900,0.5500,0.7000,
1999-02,38.9700,0.9800,1.0500,
1999-03,43.2500,0.5500,1.1000,
1999-04,36.1200,0.5200,0.5600,
1999-05,27.1100,0.8600,0.3000,
1999-06,22.0100,0.4100,0.1900,
1999-07,20.7400,0.4600,1.0900,
1999-08,19.5100,0.6900,0.5600,
1999-09,19.3800,0.8600,0.3100,
1999-10,18.9100,1.0100,1.1900,
1999-11,18.9500,0.9100,0.9500,
1999-12,18.9900,1.0400,0.6000,
2000-01,18.9400,1.0700,0.6200,
2000-02,18.8700,0.7700,0.1300,
2000-03,18.8500,0.5600,0.2200,
2000-04,18.6200,0.6000,0.4200,
2000-05,18.5100,1.3500,0.0100,
2000-06,18.0400,0.7300,0.2300,
2000-07,16.8500,0.3000,1.6100,
2000-08,16.5200,0.3900,1.3100,
2000-09,16.5600,0.2600,0.2300,
2000-10,16.6000,0.3300,0.1400,
2000-11,16.5100,0.4100,0.3200,
2000-12,16.1900,0.6400,0.5900,
2001-01,15.4900,0.5800,0.5700,
2001-02,15.2000,0.3400,0.4600,
2001-03,15.3900,0.2700,0.3800,
2001-04,16.0200,0.3600,0.5800,
2001-05,16.4300,2.1100,0.4100,
2001-06,17.2800,1.1600,0.5200,
2001-07,18.5700,0.5200,1.3300,
2001-08,19.0000,0.6200,0.7000,
2001-09,19.0600,0.5500,0.2800,
2001-10,19.0600,0.9300,0.8300,
2001-11,19.0500,0.7400,0.7100,
2001-12,19.0500,0.3400,0.6500,
2002-01,19.0500,0.3600,0.5200,
2002-02,18.9700,0.5800,0.3600,
2002-03,18.7200,0.5500,0.6000,
2002-04,18.3800,0.3300,0.8000,
2002-05,18.3700,2.5300,0.2100,
2002-06,18.1000,0.5700,0.4200,
2002-07,18.1700,0.2900,1.1900,
2002-08,17.8400,1.0000,0.6500,
2002-09,17.8900,0.7100,0.7200,
2002-10,19.5900,1.1300,1.3100,
2002-11,21.2500,2.4500,3.0200,
2002-12,23.0300,1.7000,2.1000,
2003-01,25.0600,1.5100,2.2500,
2003-02,25.6800,1.3900,1.5700,
2003-03,26.3200,1.3800,1.2300,
2003-04,26.3200,0.9000,0.9700,
2003-05,26.3100,2.8400,0.6100,
2003-06,26.0900,1.0500,-0.1500,
2003-07,25.3600,0.9900,0.2000,
2003-08,23.5000,1.4400,0.3400,
2003-09,21.0200,0.2200,0.7800,
2003-10,19.5400,0.6500,0.2900,
2003-11,18.3100,1.0400,0.3400,
2003-12,16.9100,0.1600,0.5200,
2004-01,16.3200,0.3300,0.7600,
2004-02,16.3000,1.0000,0.6100,
2004-03,16.1900,1.1600,0.4700,
2004-04,15.9600,0.5900,0.3700,
2004-05,15.7700,1.8300,0.5100,
2004-06,15.8000,0.7000,0.7100,
2004-07,15.7700,1.1200,0.9100,
2004-08,15.8600,0.8100,0.6900,
2004-09,16.0900,0.5800,0.3300,
2004-10,16.4100,1.1900,0.4400,
2004-11,16.9600,0.7100,0.6900,
2004-12,17.5000,0.5100,0.8600,
2005-01,17.9300,0.7500,0.5800,
2005-02,18.4700,0.4400,0.5900,
2005-03,18.9700,0.6700,0.6100,
2005-04,19.3200,0.7200,0.8700,
2005-05,19.6100,2.0900,0.4900,
2005-06,19.7500,0.7600,-0.0200,
2005-07,19.7200,0.1100,0.2500,
2005-08,19.7500,0.0200,0.1700,
2005-09,19.6100,0.2400,0.3500,
2005-10,19.2500,0.1900,0.7500,
2005-11,18.8700,0.2800,0.5500,
2005-12,18.2400,0.3700,0.3600,
2006-01,17.6500,0.3400,0.5900,
2006-02,17.2800,0.1900,0.4100,
2006-03,16.7400,0.2000,0.4300,
2006-04,16.1900,0.3600,0.2100,
2006-05,15.7000,1.3200,0.1000,
2006-06,15.1800,0.9000,-0.2100,
2006-07,14.9800,0.4700,0.1900,
2006-08,14.6600,0.2400,0.0500,
2006-09,14.1700,0.1100,0.2100,
2006-10,13.9500,0.2100,0.3300,
2006-11,13.6500,0.2300,0.3100,
2006-12,13.1900,0.3600,0.4800,
2007-01,13.1300,0.4500,0.4400,
2007-02,12.9300,0.2100,0.4400,
2007-03,12.7400,0.2700,0.3700,
2007-04,12.5800,0.4600,0.2500,
2007-05,12.4300,1.1500,0.2800,
2007-06,12.0300,0.9200,0.2800,
2007-07,11.7300,0.3100,0.2400,
2007-08,11.4300,0.2600,0.4700,
2007-09,11.2200,0.5100,0.1800,
2007-10,11.1800,0.5100,0.3000,
2007-11,11.1800,0.3600,0.3800,
2007-12,11.1800,0.5900,0.7400,
2008-01,11.1800,0.3800,0.5400,
2008-02,11.1800,0.4000,0.4900,
2008-03,11.1800,0.6600,0.4800,
2008-04,11.3700,0.8700,0.5500,
2008-05,11.6300,2.0200,0.7900,
2008-06,12.0900,1.9200,0.7400,
2008-07,12.3600,1.4600,0.5300,
2008-08,12.9200,1.1800,0.2800,
2008-09,13.3900,0.9500,0.2600,
2008-10,13.6600,0.7700,0.4500,
2008-11,13.6400,0.5000,0.3600,
2008-12,13.6600,0.1700,0.2800,
2009-01,13.3200,0.3300,0.4800,
2009-02,12.6600,0.2700,0.5500,
2009-03,11.7000,-0.2500,0.2000,
2009-04,11.1100,-0.0400,0.4800,
2009-05,10.1600,1.3900,0.4700,
2009-06,9.5400,0.7000,0.3600,
2009-07,9.0100,0.2600,0.2400,
2009-08,8.6500,-0.0500,0.1500,
2009-09,8.6500,0.1500,0.2400,
2009-10,8.6500,0.0600,0.2800,
2009-11,8.6500,0.2900,0.4100,
2009-12,8.6500,0.1000,0.3700,
2010-01,8.6500,0.6400,0.7500,
2010-02,8.6500,0.3600,0.7800,
2010-03,8.6500,0.7500,0.5200,
2010-04,8.7200,0.8400,0.5700,
2010-05,9.4000,1.8100,0.4300,
2010-06,9.9400,1.0900,0.0000,
2010-07,10.3200,0.4400,0.0100,
2010-08,10.6600,0.1400,0.0400,
2010-09,10.6600,0.2100,0.4500,
2010-10,10.6600,0.2000,0.7500,
2010-11,10.6600,0.3700,0.8300,
2010-12,10.6600,0.6700,0.6300,
2011-01,10.8500,0.4100,0.8300,
2011-02,11.1700,0.2800,0.8000,
2011-03,11.6200,0.4300,0.7900,10.6800
2011-04,11.7400,1.0600,0.7700,10.0300
2011-05,11.9200,2.9400,0.4700,10.6700
2011-06,12.1000,0.3700,0.1500,10.2000
2011-07,12.2500,0.4500,0.1600,10.8900
2011-08,12.4200,0.1300,0.3700,10.8000
2011-09,11.9100,0.1400,0.5300,10.2900
2011-10,11.7000,0.2300,0.4300,10.2500
2011-11,11.4000,0.7200,0.5200,10.0400
2011-12,10.9000,0.1100,0.5000,10.0400
2012-01,10.7000,0.8900,0.5600,9.8700
2012-02,10.4000,0.3000,0.4500,9.3000
2012-03,9.8200,0.5100,0.2100,9.1900
2012-04,9.3500,0.7500,0.6400,8.9400
2012-05,8.8700,1.8800,0.3600,8.6100
2012-06,8.3900,0.7300,0.0800,8.0400
2012-07,8.0700,0.6700,0.4300,8.0000
2012-08,7.8500,0.2600,0.4100,7.9200
2012-09,7.3900,0.2200,0.5700,8.1200
2012-10,7.2300,0.2100,0.5900,8.0300
2012-11,7.1400,0.3300,0.6000,7.9400
2012-12,7.1600,0.1600,0.7900,7.8700
2013-01,7.1100,0.6500,0.8600,7.9400
2013-02,7.1200,0.6000,0.6000,7.6900
2013-03,7.1500,0.5000,0.4700,7.7000
2013-04,7.2600,0.7400,0.5500,7.8500
2013-05,7.4200,2.2500,0.3700,7.7900
2013-06,7.9000,1.1500,0.2600,7.8100
2013-07,8.2300,0.4800,0.0300,7.9700
2013-08,8.4500,0.3100,0.2400,8.0800
2013-09,8.9000,0.4300,0.3500,8.3500
2013-10,9.2500,0.2600,0.5700,8.6800
2013-11,9.4500,0.3500,0.5400,8.8000
2013-12,9.9000,0.1000,0.9200,8.8200
2014-01,10.1700,0.8800,0.5500,9.5200
2014-02,10.4300,0.3300,0.6900,8.7400
2014-03,10.6500,0.2800,0.9200,9.7900
2014-04,10.8700,0.8800,0.6700,9.1900
2014-05,10.9000,2.0500,0.4600,9.5300
2014-06,10.9000,0.6600,0.4000,9.2300
2014-07,10.9000,0.7500,0.0100,9.7000
2014-08,10.9000,0.0800,0.2500,9.5900
2014-09,10.9000,0.1500,0.5700,9.4500
2014-10,10.9200,0.1700,0.4200,9.4500
2014-11,11.1500,0.4400,0.5100,9.2700
2014-12,11.5800,0.0800,0.7800,8.9600
2015-01,11.8200,0.9200,1.2400,9.3700
2015-02,12.1500,0.3100,1.2200,8.8300
2015-03,12.5800,0.6200,1.3200,9.8500
2015-04,12.6800,0.4600,0.7100,9.7700
2015-05,13.1500,0.9500,0.7400,10.1400
2015-06,13.5800,1.8400,0.7900,10.4600
2015-07,13.6900,0.5500,0.6200,10.7800
2015-08,14.1500,0.5900,0.2200,10.5400
2015-09,14.1500,0.2200,0.5400,10.4200
2015-10,14.1500,0.3600,0.8200,10.4900
2015-11,14.1500,0.3400,1.0100,10.5900
2015-12,14.1500,0.1000,0.9600,10.0800
2016-01,14.1500,0.3900,1.2700,10.4800
2016-02,14.1500,0.5400,0.9000,10.1300
2016-03,14.1500,0.6400,0.4300,10.7400
2016-04,14.1500,0.5500,0.6100,10.5500
2016-05,14.1500,0.0800,0.7800,11.1500
2016-06,14.1500,1.9300,0.3500,11.2500
2016-07,14.1500,0.4900,0.5200,11.3900
2016-08,14.1500,0.2900,0.4400,11.2200
2016-09,14.1500,0.3300,0.0800,11.0400
2016-10,14.0500,0.2100,0.2600,10.7000
2016-11,13.9000,0.1600,0.1800,10.7000
2016-12,13.6500,0.3400,0.3000,10.9100
2017-01,13.1700,0.4100,0.3800,10.9000
2017-02,12.8200,0.6500,0.3300,9.2000
2017-03,12.1500,0.1600,0.2500,9.8400
2017-04,11.5900,-0.0200,0.1400,9.0600
2017-05,11.1500,0.6300,0.3100,9.9400
2017-06,10.1500,0.9300,-0.2300,9.2800
2017-07,10.0100,0.3000,0.2400,9.2900
2017-08,9.1500,0.3600,0.1900,8.5900
2017-09,8.3500,0.0600,0.1600,8.5300
2017-10,8.0100,0.3100,0.4200,8.6200
2017-11,7.4000,0.3100,0.2800,7.9100
2017-12,7.0000,0.0700,0.4400,8.0600
2018-01,6.9000,0.3100,0.2900,8.3300
2018-02,6.7200,0.1300,0.3200,8.2900
2018-03,6.5800,0.2400,0.0900,8.1700
2018-04,6.4000,0.2900,0.2200,8.1700
2018-05,6.4000,0.2300,0.4000,8.0500
2018-06,6.4000,0.9700,1.2600,8.0400
2018-07,6.4000,0.6100,0.3300,8.0000
2018-08,6.4000,0.1500,-0.0900,7.9800
2018-09,6.4000,0.2300,0.4800,7.7100
2018-10,6.4000,0.3500,0.4500,7.7800
2018-11,6.4000,0.1300,-0.2100,7.8600
2018-12,6.4000,0.1300,0.1500,7.8500
2019-01,6.4000,0.4900,0.3200,8.3100
2019-02,6.4000,0.0900,0.4300,7.7100
2019-03,6.4000,0.3100,0.7500,7.8000
2019-04,6.4000,0.3800,0.5700,7.8200
2019-05,6.4000,0.0300,0.1300,7.8500
2019-06,6.4000,0.8800,0.0100,7.7400
2019-07,6.4000,0.5800,0.1900,7.8100
2019-08,5.9000,0.4200,0.1100,8.3000
2019-09,5.7100,0.4600,-0.0400,7.6400
2019-10,5.3800,0.1800,0.1000,7.4000
2019-11,4.9000,0.0400,0.5100,7.2400
2019-12,4.5900,0.2100,1.1500,7.2500
2020-01,4.4000,0.3800,0.2100,7.4100
2020-02,4.1900,0.3300,0.2500,7.3400
2020-03,3.9500,0.2600,0.0700,7.1500
2020-04,3.6500,0.2200,-0.3100,7.2200
2020-05,3.0100,0.2000,-0.3800,7.1600
2020-06,2.5800,0.3400,0.2600,7.1700
2020-07,2.1500,1.1700,0.3600,7.1600
2020-08,1.9400,0.7200,0.2400,7.1600
2020-09,1.9000,1.1600,0.6400,7.1500
2020-10,1.9000,1.7300,0.8600,7.0600
2020-11,1.9000,1.2800,0.8900,7.0300
2020-12,1.9000,0.7000,1.3500,7.0400
2021-01,1.9000,0.8900,0.2500,7.0000
2021-02,1.9000,1.8900,0.8600,6.9900
2021-03,2.2300,1.3000,0.9300,6.8800
2021-04,2.6500,0.9000,0.3100,6.6800
2021-05,3.2900,2.2200,0.8300,6.6400
2021-06,3.7600,2.1600,0.5300,6.7000
2021-07,4.1500,0.8500,0.9600,6.8300
2021-08,5.0100,0.4600,0.8700,6.9500
2021-09,5.4300,0.5100,1.1600,7.1800
2021-10,6.3000,0.8600,1.2500,7.4800
2021-11,7.6500,0.6700,0.9500,7.7800
2021-12,8.7600,0.3500,0.7300,8.8500
2022-01,9.1500,0.7100,0.5400,9.3900
2022-02,10.4900,0.3800,1.0100,8.1400
2022-03,11.1500,0.8600,1.6200,9.3900
2022-04,11.6500,0.9500,1.0600,9.4100
2022-05,12.5100,2.2800,0.4700,10.0900
2022-06,12.8900,2.1400,0.6700,10.0700
2022-07,13.1500,0.8600,-0.6800,10.6600
2022-08,13.5800,0.0900,-0.3600,10.4700
2022-09,13.6500,0.0900,-0.2900,10.1300
2022-10,13.6500,0.1200,0.5900,9.9600
2022-11,13.6500,0.3600,0.4100,10.2500
2022-12,13.6500,0.0900,0.6200,10.4700
2023-01,13.6500,0.4600,0.5300,10.7500
2023-02,13.6500,0.0500,0.8400,9.4400
2023-03,13.6500,0.3000,0.7100,10.5800
2023-04,13.6500,0.1400,0.6100,10.2400
2023-05,13.6500,0.5900,0.2300,11.2400
2023-06,13.6500,0.7100,-0.0800,11.0600
2023-07,13.6500,0.1000,0.1200,11.4200
2023-08,13.1900,0.1700,0.2300,10.8600
2023-09,12.9700,0.3400,0.2600,10.2200
2023-10,12.6500,0.2000,0.2400,9.9500
2023-11,12.1700,0.0700,0.2800,9.9900
2023-12,11.8700,0.3100,0.5600,9.1800
2024-01,11.6500,0.2700,0.4200,9.2500
2024-02,11.1500,0.1300,0.8300,8.8900
2024-03,11.0000,0.2800,0.1600,9.2600
2024-04,10.6500,0.5200,0.3800,9.3400
2024-05,10.4600,0.8600,0.4600,9.3700
2024-06,10.4000,0.7100,0.2100,9.5800
2024-07,10.4000,0.7200,0.3800,9.4600
2024-08,10.4000,0.7000,-0.0200,9.4800
2024-09,10.5000,0.5800,0.4400,9.4800
2024-10,10.6500,0.6800,0.5600,9.7000
2024-11,11.0400,0.4000,0.3900,9.5100
2024-12,11.7700,0.5000,0.5200,9.8800
2025-01,12.2400,0.8300,0.1600,11.0500
2025-02,13.1500,0.4000,1.3100,10.0200
2025-03,13.5700,0.3900,0.5600,10.9400
2025-04,14.1500,0.5200,0.4300,10.6400
2025-05,14.5500,0.5800,0.2600,10.7600
2025-06,14.7400,0.6900,0.2400,10.4900
2025-07,14.9000,0.9100,0.2600,10.5300
2025-08,14.9000,0.5200,-0.1100,10.4900
2025-09,14.9000,0.1700,0.4800,10.3700
2025-10,14.9000,0.3000,0.0900,10.4200
2025-11,14.9000,0.2700,0.1800,10.3400
2025-12,14.9000,0.2100,0.3300,10.7800
2026-01,14.9000,0.7200,0.3300,10.9700
2026-02,14.9000,0.2800,0.7000,10.6800
2026-03,14.8000,0.5400,0.8800,11.5600
2026-04,14.6400,1.0000,0.6700,11.1200
2026-05,14.4000,0.8800,0.5800,11.2300
2026-06,14.2900,0.7800,0.1600,11.2200
2026-07,14.1500,0.6100,0.0700,11.3000
2026-08,13.9400,0.6600,-0.3200,
2026-09,13.9000,,,
